system:index,Class,class,export_date,project,source,.geo
0,0,0,2025-04-08,Sundarbans Mangroves 2024,GEE Manual Digitization,"{""type"":""Point"",""coordinates"":[88.65944758293337,21.75729635875501]}"
1,0,0,2025-04-08,Sundarbans Mangroves 2024,GEE Manual Digitization,"{""type"":""Point"",""coordinates"":[88.66631403801149,21.713924138425927]}"
2,0,0,2025-04-08,Sundarbans Mangroves 2024,GEE Manual Digitization,"{""type"":""Point"",""coordinates"":[88.66082087394899,21.65267050792924]}"
3,0,0,2025-04-08,Sundarbans Mangroves 2024,GEE Manual Digitization,"{""type"":""Point"",""coordinates"":[88.63610163566774,21.57734396211272]}"
4,0,0,2025-04-08,Sundarbans Mangroves 2024,GEE Manual Digitization,"{""type"":""Point"",""coordinates"":[88.68279353019899,21.569681438527013]}"
5,0,0,2025-04-08,Sundarbans Mangroves 2024,GEE Manual Digitization,"{""type"":""Point"",""coordinates"":[88.61824885246462,21.5390272940969]}"
6,0,0,2025-04-08,Sundarbans Mangroves 2024,GEE Manual Digitization,"{""type"":""Point"",""coordinates"":[88.34496394035524,21.572235658075122]}"
7,0,0,2025-04-08,Sundarbans Mangroves 2024,GEE Manual Digitization,"{""type"":""Point"",""coordinates"":[88.42049494621462,21.563295692730648]}"
8,0,0,2025-04-08,Sundarbans Mangroves 2024,GEE Manual Digitization,"{""type"":""Point"",""coordinates"":[88.92449274894899,21.57478983260512]}"
9,0,0,2025-04-08,Sundarbans Mangroves 2024,GEE Manual Digitization,"{""type"":""Point"",""coordinates"":[88.96706477043338,21.545414108360994]}"
10,0,0,2025-04-08,Sundarbans Mangroves 2024,GEE Manual Digitization,"{""type"":""Point"",""coordinates"":[88.85994807121462,21.50708900889225]}"
11,0,0,2025-04-08,Sundarbans Mangroves 2024,GEE Manual Digitization,"{""type"":""Point"",""coordinates"":[88.6891904507124,21.523697793449553]}"
12,0,0,2025-04-08,Sundarbans Mangroves 2024,GEE Manual Digitization,"{""type"":""Point"",""coordinates"":[89.1561093960249,21.659052308933287]}"
13,0,0,2025-04-08,Sundarbans Mangroves 2024,GEE Manual Digitization,"{""type"":""Point"",""coordinates"":[89.32365089993115,21.761122690758835]}"
14,0,0,2025-04-08,Sundarbans Mangroves 2024,GEE Manual Digitization,"{""type"":""Point"",""coordinates"":[89.31125112063653,21.718850440923546]}"
15,0,0,2025-04-08,Sundarbans Mangroves 2024,GEE Manual Digitization,"{""type"":""Point"",""coordinates"":[89.29683156497246,21.79410306240329]}"
16,0,0,2025-04-08,Sundarbans Mangroves 2024,GEE Manual Digitization,"{""type"":""Point"",""coordinates"":[89.34627004153496,21.737348384227662]}"
17,0,0,2025-04-08,Sundarbans Mangroves 2024,GEE Manual Digitization,"{""type"":""Point"",""coordinates"":[89.37510915286309,21.686313805033173]}"
18,0,0,2025-04-08,Sundarbans Mangroves 2024,GEE Manual Digitization,"{""type"":""Point"",""coordinates"":[89.33871694094903,21.662704194158245]}"
19,0,0,2025-04-08,Sundarbans Mangroves 2024,GEE Manual Digitization,"{""type"":""Point"",""coordinates"":[89.28447194583184,21.64866421474479]}"
20,0,0,2025-04-08,Sundarbans Mangroves 2024,GEE Manual Digitization,"{""type"":""Point"",""coordinates"":[89.14851613528496,21.779438274347633]}"
21,0,0,2025-04-08,Sundarbans Mangroves 2024,GEE Manual Digitization,"{""type"":""Point"",""coordinates"":[89.19726796633965,21.759670317473145]}"
22,0,0,2025-04-08,Sundarbans Mangroves 2024,GEE Manual Digitization,"{""type"":""Point"",""coordinates"":[89.20344777590996,21.70417796650631]}"
23,0,0,2025-04-08,Sundarbans Mangroves 2024,GEE Manual Digitization,"{""type"":""Point"",""coordinates"":[89.50557179934746,21.752655226588463]}"
24,0,0,2025-04-08,Sundarbans Mangroves 2024,GEE Manual Digitization,"{""type"":""Point"",""coordinates"":[89.45613332278496,21.677380893489563]}"
25,0,0,2025-04-08,Sundarbans Mangroves 2024,GEE Manual Digitization,"{""type"":""Point"",""coordinates"":[89.19906050726107,21.603982470763007]}"
26,0,0,2025-04-08,Sundarbans Mangroves 2024,GEE Manual Digitization,"{""type"":""Point"",""coordinates"":[89.04570516962328,21.5560378670076]}"
27,0,0,2025-04-08,Sundarbans Mangroves 2024,GEE Manual Digitization,"{""type"":""Point"",""coordinates"":[89.77492269892015,21.70157014544264]}"
28,0,0,2025-04-08,Sundarbans Mangroves 2024,GEE Manual Digitization,"{""type"":""Point"",""coordinates"":[89.7337239684514,21.784483338943847]}"
29,0,0,2025-04-08,Sundarbans Mangroves 2024,GEE Manual Digitization,"{""type"":""Point"",""coordinates"":[89.8161214293889,21.78703375488269]}"
30,0,0,2025-04-08,Sundarbans Mangroves 2024,GEE Manual Digitization,"{""type"":""Point"",""coordinates"":[89.73647055048266,21.743670516119504]}"
31,0,0,2025-04-08,Sundarbans Mangroves 2024,GEE Manual Digitization,"{""type"":""Point"",""coordinates"":[89.96718344110765,21.841856714997217]}"
32,0,0,2025-04-08,Sundarbans Mangroves 2024,GEE Manual Digitization,"{""type"":""Point"",""coordinates"":[89.92735800165453,21.917044704177155]}"
33,0,0,2025-04-08,Sundarbans Mangroves 2024,GEE Manual Digitization,"{""type"":""Point"",""coordinates"":[89.89165243524828,22.015111704212313]}"
34,0,0,2025-04-08,Sundarbans Mangroves 2024,GEE Manual Digitization,"{""type"":""Point"",""coordinates"":[88.90843701466397,22.211329766055112]}"
35,0,0,2025-04-08,Sundarbans Mangroves 2024,GEE Manual Digitization,"{""type"":""Point"",""coordinates"":[88.91667676075772,22.192257663510723]}"
36,0,0,2025-04-08,Sundarbans Mangroves 2024,GEE Manual Digitization,"{""type"":""Point"",""coordinates"":[88.85899853810147,22.1846280971534]}"
37,0,0,2025-04-08,Sundarbans Mangroves 2024,GEE Manual Digitization,"{""type"":""Point"",""coordinates"":[88.81779980763272,22.263446950002006]}"
38,0,0,2025-04-08,Sundarbans Mangroves 2024,GEE Manual Digitization,"{""type"":""Point"",""coordinates"":[88.72716260060147,22.258363200142544]}"
39,0,0,2025-04-08,Sundarbans Mangroves 2024,GEE Manual Digitization,"{""type"":""Point"",""coordinates"":[88.69283032521085,22.171911232589977]}"
40,0,0,2025-04-08,Sundarbans Mangroves 2024,GEE Manual Digitization,"{""type"":""Point"",""coordinates"":[88.66399121388272,22.109581977883174]}"
41,0,0,2025-04-08,Sundarbans Mangroves 2024,GEE Manual Digitization,"{""type"":""Point"",""coordinates"":[88.8054401884921,22.14265807941172]}"
42,0,0,2025-04-08,Sundarbans Mangroves 2024,GEE Manual Digitization,"{""type"":""Point"",""coordinates"":[88.75737500294522,22.115943369505636]}"
43,0,0,2025-04-08,Sundarbans Mangroves 2024,GEE Manual Digitization,"{""type"":""Point"",""coordinates"":[88.77110791310147,22.231670485201473]}"
44,0,0,2025-04-08,Sundarbans Mangroves 2024,GEE Manual Digitization,"{""type"":""Point"",""coordinates"":[88.97984814747647,22.291404272623513]}"
45,0,0,2025-04-08,Sundarbans Mangroves 2024,GEE Manual Digitization,"{""type"":""Point"",""coordinates"":[88.9922077666171,22.248195146591154]}"
46,0,0,2025-04-08,Sundarbans Mangroves 2024,GEE Manual Digitization,"{""type"":""Point"",""coordinates"":[88.97847485646085,22.366353108982562]}"
47,0,0,2025-04-08,Sundarbans Mangroves 2024,GEE Manual Digitization,"{""type"":""Point"",""coordinates"":[88.92354321583585,22.366353108982565]}"
48,0,0,2025-04-08,Sundarbans Mangroves 2024,GEE Manual Digitization,"{""type"":""Point"",""coordinates"":[88.38070506342333,21.807565818571156]}"
49,0,0,2025-04-08,Sundarbans Mangroves 2024,GEE Manual Digitization,"{""type"":""Point"",""coordinates"":[88.44387645014208,21.815215697535187]}"
50,0,0,2025-04-08,Sundarbans Mangroves 2024,GEE Manual Digitization,"{""type"":""Point"",""coordinates"":[88.37795848139208,21.743800944198135]}"
51,0,0,2025-04-08,Sundarbans Mangroves 2024,GEE Manual Digitization,"{""type"":""Point"",""coordinates"":[88.34774607904835,21.940105767853268]}"
52,0,0,2025-04-08,Sundarbans Mangroves 2024,GEE Manual Digitization,"{""type"":""Point"",""coordinates"":[88.2461225438921,21.904434048515572]}"
53,0,0,2025-04-08,Sundarbans Mangroves 2024,GEE Manual Digitization,"{""type"":""Point"",""coordinates"":[88.47683543451708,22.06743167471584]}"
54,0,0,2025-04-08,Sundarbans Mangroves 2024,GEE Manual Digitization,"{""type"":""Point"",""coordinates"":[88.53726023920458,22.025426769172338]}"
55,0,0,2025-04-08,Sundarbans Mangroves 2024,GEE Manual Digitization,"{""type"":""Point"",""coordinates"":[88.42739695795458,21.95793827435537]}"
56,0,0,2025-04-08,Sundarbans Mangroves 2024,GEE Manual Digitization,"{""type"":""Point"",""coordinates"":[88.62515086420458,21.988503079381815]}"
57,0,0,2025-04-08,Sundarbans Mangroves 2024,GEE Manual Digitization,"{""type"":""Point"",""coordinates"":[88.67870921381396,21.927366894189515]}"
58,0,0,2025-04-08,Sundarbans Mangroves 2024,GEE Manual Digitization,"{""type"":""Point"",""coordinates"":[88.72128123529833,21.97958902421373]}"
59,0,0,2025-04-08,Sundarbans Mangroves 2024,GEE Manual Digitization,"{""type"":""Point"",""coordinates"":[89.09481639154833,22.275997825844343]}"
60,0,0,2025-04-08,Sundarbans Mangroves 2024,GEE Manual Digitization,"{""type"":""Point"",""coordinates"":[89.27059764154833,22.3496848105409]}"
61,0,0,2025-04-08,Sundarbans Mangroves 2024,GEE Manual Digitization,"{""type"":""Point"",""coordinates"":[89.17996043451708,22.29378789943083]}"
62,0,0,2025-04-08,Sundarbans Mangroves 2024,GEE Manual Digitization,"{""type"":""Point"",""coordinates"":[89.37222117670458,22.4969418517529]}"
63,0,0,2025-04-08,Sundarbans Mangroves 2024,GEE Manual Digitization,"{""type"":""Point"",""coordinates"":[89.49307078607958,22.618691373198786]}"
64,0,0,2025-04-08,Sundarbans Mangroves 2024,GEE Manual Digitization,"{""type"":""Point"",""coordinates"":[89.50955027826708,22.5400737619961]}"
65,0,0,2025-04-08,Sundarbans Mangroves 2024,GEE Manual Digitization,"{""type"":""Point"",""coordinates"":[89.68258494623583,22.514703680310348]}"
66,0,0,2025-04-08,Sundarbans Mangroves 2024,GEE Manual Digitization,"{""type"":""Point"",""coordinates"":[89.79519480951708,22.397941381461017]}"
67,0,0,2025-04-08,Sundarbans Mangroves 2024,GEE Manual Digitization,"{""type"":""Point"",""coordinates"":[88.54000682123583,22.151404025833664]}"
68,0,0,2025-04-08,Sundarbans Mangroves 2024,GEE Manual Digitization,"{""type"":""Point"",""coordinates"":[88.49331492670458,22.26583105336155]}"
69,0,0,2025-04-08,Sundarbans Mangroves 2024,GEE Manual Digitization,"{""type"":""Point"",""coordinates"":[88.26534861811083,22.222614032594272]}"
70,0,0,2025-04-08,Sundarbans Mangroves 2024,GEE Manual Digitization,"{""type"":""Point"",""coordinates"":[88.30929393061083,22.087793198213287]}"
71,0,0,2025-04-08,Sundarbans Mangroves 2024,GEE Manual Digitization,"{""type"":""Point"",""coordinates"":[88.25436228998583,22.013968722307403]}"
72,0,0,2025-04-08,Sundarbans Mangroves 2024,GEE Manual Digitization,"{""type"":""Point"",""coordinates"":[88.13351268061083,21.970674409263243]}"
73,0,0,2025-04-08,Sundarbans Mangroves 2024,GEE Manual Digitization,"{""type"":""Point"",""coordinates"":[88.02639598139208,21.840712340887023]}"
74,0,0,2025-04-08,Sundarbans Mangroves 2024,GEE Manual Digitization,"{""type"":""Point"",""coordinates"":[88.08956736811083,21.817765566347756]}"
75,0,0,2025-04-08,Sundarbans Mangroves 2024,GEE Manual Digitization,"{""type"":""Point"",""coordinates"":[88.49606150873583,21.718287062363714]}"
76,0,0,2025-04-08,Sundarbans Mangroves 2024,GEE Manual Digitization,"{""type"":""Point"",""coordinates"":[88.86759052872873,21.45692201296522]}"
77,0,0,2025-04-08,Sundarbans Mangroves 2024,GEE Manual Digitization,"{""type"":""Point"",""coordinates"":[88.50778828263498,21.449253138417763]}"
78,0,0,2025-04-08,Sundarbans Mangroves 2024,GEE Manual Digitization,"{""type"":""Point"",""coordinates"":[88.26059589982248,21.47737037250278]}"
79,0,0,2025-04-08,Sundarbans Mangroves 2024,GEE Manual Digitization,"{""type"":""Point"",""coordinates"":[87.77719746232248,21.492704758206706]}"
80,0,0,2025-04-08,Sundarbans Mangroves 2024,GEE Manual Digitization,"{""type"":""Point"",""coordinates"":[88.14508497120099,21.46925798573348]}"
81,0,0,2025-04-08,Sundarbans Mangroves 2024,GEE Manual Digitization,"{""type"":""Point"",""coordinates"":[87.97754346729474,21.76035042496337]}"
82,0,0,2025-04-08,Sundarbans Mangroves 2024,GEE Manual Digitization,"{""type"":""Point"",""coordinates"":[88.62573682666974,21.39767220068722]}"
83,0,0,2025-04-08,Sundarbans Mangroves 2024,GEE Manual Digitization,"{""type"":""Point"",""coordinates"":[89.24646436573224,21.505037699686326]}"
84,0,0,2025-04-08,Sundarbans Mangroves 2024,GEE Manual Digitization,"{""type"":""Point"",""coordinates"":[89.42499219776349,21.58423287074363]}"
85,0,0,2025-04-08,Sundarbans Mangroves 2024,GEE Manual Digitization,"{""type"":""Point"",""coordinates"":[89.30139600635724,21.62509087142867]}"
86,0,0,2025-04-08,Sundarbans Mangroves 2024,GEE Manual Digitization,"{""type"":""Point"",""coordinates"":[89.66669141651349,21.635303568018067]}"
87,0,0,2025-04-08,Sundarbans Mangroves 2024,GEE Manual Digitization,"{""type"":""Point"",""coordinates"":[89.94958936573224,21.716979126513326]}"
88,0,0,2025-04-08,Sundarbans Mangroves 2024,GEE Manual Digitization,"{""type"":""Point"",""coordinates"":[89.96881543995099,21.829207315983197]}"
89,0,0,2025-04-08,Sundarbans Mangroves 2024,GEE Manual Digitization,"{""type"":""Point"",""coordinates"":[90.034733408701,21.747595519753876]}"
90,0,0,2025-04-08,Sundarbans Mangroves 2024,GEE Manual Digitization,"{""type"":""Point"",""coordinates"":[88.28790723682599,21.885288438699202]}"
91,0,0,2025-04-08,Sundarbans Mangroves 2024,GEE Manual Digitization,"{""type"":""Point"",""coordinates"":[88.31262647510724,21.790957572536257]}"
92,0,0,2025-04-08,Sundarbans Mangroves 2024,GEE Manual Digitization,"{""type"":""Point"",""coordinates"":[88.13684522510724,21.762901270024656]}"
93,0,0,2025-04-08,Sundarbans Mangroves 2024,GEE Manual Digitization,"{""type"":""Point"",""coordinates"":[88.09289991260724,21.6889083737801]}"
94,0,0,2025-04-08,Sundarbans Mangroves 2024,GEE Manual Digitization,"{""type"":""Point"",""coordinates"":[88.43072950245099,21.951537708536566]}"
95,0,0,2025-04-08,Sundarbans Mangroves 2024,GEE Manual Digitization,"{""type"":""Point"",""coordinates"":[88.37579786182599,22.08394359582717]}"
96,0,0,2025-04-08,Sundarbans Mangroves 2024,GEE Manual Digitization,"{""type"":""Point"",""coordinates"":[88.5661902324569,22.256475024112508]}"
97,0,0,2025-04-08,Sundarbans Mangroves 2024,GEE Manual Digitization,"{""type"":""Point"",""coordinates"":[88.66232060355065,22.317468651551316]}"
98,0,0,2025-04-08,Sundarbans Mangroves 2024,GEE Manual Digitization,"{""type"":""Point"",""coordinates"":[89.51376103323815,21.851723533006055]}"
99,0,0,2025-04-08,Sundarbans Mangroves 2024,GEE Manual Digitization,"{""type"":""Point"",""coordinates"":[89.5274939433944,21.961298774662666]}"
100,0,0,2025-04-08,Sundarbans Mangroves 2024,GEE Manual Digitization,"{""type"":""Point"",""coordinates"":[89.55358647269128,22.021147257339496]}"
101,0,0,2025-04-08,Sundarbans Mangroves 2024,GEE Manual Digitization,"{""type"":""Point"",""coordinates"":[89.5879187480819,22.107691801568425]}"
102,0,0,2025-04-08,Sundarbans Mangroves 2024,GEE Manual Digitization,"{""type"":""Point"",""coordinates"":[89.49041508597253,22.164934756408346]}"
103,0,0,2025-04-08,Sundarbans Mangroves 2024,GEE Manual Digitization,"{""type"":""Point"",""coordinates"":[89.50414799612878,22.125503213593344]}"
104,0,0,2025-04-08,Sundarbans Mangroves 2024,GEE Manual Digitization,"{""type"":""Point"",""coordinates"":[88.52911137503503,21.974034608296872]}"
105,0,0,2025-04-08,Sundarbans Mangroves 2024,GEE Manual Digitization,"{""type"":""Point"",""coordinates"":[88.44671391409753,21.910344028834473]}"
106,0,0,2025-04-08,Sundarbans Mangroves 2024,GEE Manual Digitization,"{""type"":""Point"",""coordinates"":[88.40002201956628,21.88868273879588]}"
107,0,0,2025-04-08,Sundarbans Mangroves 2024,GEE Manual Digitization,"{""type"":""Point"",""coordinates"":[88.6815466777694,21.889957023444754]}"
108,0,0,2025-04-08,Sundarbans Mangroves 2024,GEE Manual Digitization,"{""type"":""Point"",""coordinates"":[88.67193364066003,21.842800912149045]}"
109,0,0,2025-04-08,Sundarbans Mangroves 2024,GEE Manual Digitization,"{""type"":""Point"",""coordinates"":[88.91912602347253,21.96384603273889]}"
110,0,0,2025-04-08,Sundarbans Mangroves 2024,GEE Manual Digitization,"{""type"":""Point"",""coordinates"":[88.97405766409753,21.909069926441134]}"
111,0,0,2025-04-08,Sundarbans Mangroves 2024,GEE Manual Digitization,"{""type"":""Point"",""coordinates"":[89.09765385550378,21.717825817453697]}"
112,0,0,2025-04-08,Sundarbans Mangroves 2024,GEE Manual Digitization,"{""type"":""Point"",""coordinates"":[89.03585575980065,21.782877470086984]}"
113,0,0,2025-04-08,Sundarbans Mangroves 2024,GEE Manual Digitization,"{""type"":""Point"",""coordinates"":[89.04272221487878,21.855547342816845]}"
114,0,0,2025-04-08,Sundarbans Mangroves 2024,GEE Manual Digitization,"{""type"":""Point"",""coordinates"":[89.07018803519128,22.028785671146338]}"
115,0,0,2025-04-08,Sundarbans Mangroves 2024,GEE Manual Digitization,"{""type"":""Point"",""coordinates"":[89.36544560355067,21.91798840387134]}"
116,0,0,2025-04-08,Sundarbans Mangroves 2024,GEE Manual Digitization,"{""type"":""Point"",""coordinates"":[89.3297400371444,21.982949012273092]}"
117,0,0,2025-04-08,Sundarbans Mangroves 2024,GEE Manual Digitization,"{""type"":""Point"",""coordinates"":[89.29266117972253,22.05806243968616]}"
118,0,0,2025-04-08,Sundarbans Mangroves 2024,GEE Manual Digitization,"{""type"":""Point"",""coordinates"":[89.35583256644128,21.98422245285755]}"
119,0,0,2025-04-08,Sundarbans Mangroves 2024,GEE Manual Digitization,"{""type"":""Point"",""coordinates"":[89.90720890921472,21.813479808543217]}"
120,0,0,2025-04-08,Sundarbans Mangroves 2024,GEE Manual Digitization,"{""type"":""Point"",""coordinates"":[89.85502385062097,21.816029708279263]}"
121,0,0,2025-04-08,Sundarbans Mangroves 2024,GEE Manual Digitization,"{""type"":""Point"",""coordinates"":[89.86326359671472,21.731859057868547]}"
122,0,0,2025-04-08,Sundarbans Mangroves 2024,GEE Manual Digitization,"{""type"":""Point"",""coordinates"":[89.58311222952722,21.618278150943222]}"
123,0,0,2025-04-08,Sundarbans Mangroves 2024,GEE Manual Digitization,"{""type"":""Point"",""coordinates"":[89.36613224905847,21.46499405106692]}"
124,0,0,2025-04-08,Sundarbans Mangroves 2024,GEE Manual Digitization,"{""type"":""Point"",""coordinates"":[89.00907658499597,21.452213077112056]}"
125,0,0,2025-04-08,Sundarbans Mangroves 2024,GEE Manual Digitization,"{""type"":""Point"",""coordinates"":[88.78111027640222,21.3780613506352]}"
126,0,0,2025-04-08,Sundarbans Mangroves 2024,GEE Manual Digitization,"{""type"":""Point"",""coordinates"":[88.68223332327722,21.470106126813103]}"
127,0,0,2025-04-08,Sundarbans Mangroves 2024,GEE Manual Digitization,"{""type"":""Point"",""coordinates"":[89.88523625296472,21.56720144341036]}"
128,0,0,2025-04-08,Sundarbans Mangroves 2024,GEE Manual Digitization,"{""type"":""Point"",""coordinates"":[89.18760441702722,21.475218023172946]}"
129,0,0,2025-04-08,Sundarbans Mangroves 2024,GEE Manual Digitization,"{""type"":""Point"",""coordinates"":[89.11619328421472,21.459881795968823]}"
130,0,0,2025-04-08,Sundarbans Mangroves 2024,GEE Manual Digitization,"{""type"":""Point"",""coordinates"":[88.37461613577722,21.393406174333123]}"
131,0,0,2025-04-08,Sundarbans Mangroves 2024,GEE Manual Digitization,"{""type"":""Point"",""coordinates"":[88.55589054983972,21.408749388204885]}"
132,0,0,2025-04-08,Sundarbans Mangroves 2024,GEE Manual Digitization,"{""type"":""Point"",""coordinates"":[88.67124699515223,21.372946051824467]}"
133,0,0,2025-04-08,Sundarbans Mangroves 2024,GEE Manual Digitization,"{""type"":""Point"",""coordinates"":[87.94614933890223,21.505885632293367]}"
134,0,0,2025-04-08,Sundarbans Mangroves 2024,GEE Manual Digitization,"{""type"":""Point"",""coordinates"":[87.88023137015222,21.62338483016569]}"
135,0,0,2025-04-08,Sundarbans Mangroves 2024,GEE Manual Digitization,"{""type"":""Point"",""coordinates"":[88.81406926077722,22.422873903558045]}"
136,0,0,2025-04-08,Sundarbans Mangroves 2024,GEE Manual Digitization,"{""type"":""Point"",""coordinates"":[88.71793888968348,22.384784831023]}"
137,0,0,2025-04-08,Sundarbans Mangroves 2024,GEE Manual Digitization,"{""type"":""Point"",""coordinates"":[88.76325749319909,22.36573638207313]}"
138,0,0,2025-04-08,Sundarbans Mangroves 2024,GEE Manual Digitization,"{""type"":""Point"",""coordinates"":[88.82917546194909,22.379705499556184]}"
139,0,0,2025-04-08,Sundarbans Mangroves 2024,GEE Manual Digitization,"{""type"":""Point"",""coordinates"":[88.86213444632409,22.335253443743543]}"
140,0,0,2025-04-08,Sundarbans Mangroves 2024,GEE Manual Digitization,"{""type"":""Point"",""coordinates"":[89.06812809866784,22.380975349806906]}"
141,0,0,2025-04-08,Sundarbans Mangroves 2024,GEE Manual Digitization,"{""type"":""Point"",""coordinates"":[89.12855290335534,22.314927781910264]}"
142,0,0,2025-04-08,Sundarbans Mangroves 2024,GEE Manual Digitization,"{""type"":""Point"",""coordinates"":[89.15189885062097,22.39494293757735]}"
143,0,0,2025-04-08,Sundarbans Mangroves 2024,GEE Manual Digitization,"{""type"":""Point"",""coordinates"":[89.21095036429284,22.448260816409245]}"
144,0,0,2025-04-08,Sundarbans Mangroves 2024,GEE Manual Digitization,"{""type"":""Point"",""coordinates"":[89.22880314749597,22.339064175647096]}"
145,0,0,2025-04-08,Sundarbans Mangroves 2024,GEE Manual Digitization,"{""type"":""Point"",""coordinates"":[89.27824162405847,22.455875984373048]}"
146,0,0,2025-04-08,Sundarbans Mangroves 2024,GEE Manual Digitization,"{""type"":""Point"",""coordinates"":[89.32493351858972,22.422873903558045]}"
147,0,0,2025-04-08,Sundarbans Mangroves 2024,GEE Manual Digitization,"{""type"":""Point"",""coordinates"":[89.26725529593347,22.5294676922918]}"
148,0,0,2025-04-08,Sundarbans Mangroves 2024,GEE Manual Digitization,"{""type"":""Point"",""coordinates"":[89.45951603812097,22.525662184852678]}"
149,0,0,2025-04-08,Sundarbans Mangroves 2024,GEE Manual Digitization,"{""type"":""Point"",""coordinates"":[89.42793034476159,22.45587598437305]}"
150,0,0,2025-04-08,Sundarbans Mangroves 2024,GEE Manual Digitization,"{""type"":""Point"",""coordinates"":[72.71359514350738,21.45238515799926]}"
151,0,0,2025-04-08,Sundarbans Mangroves 2024,GEE Manual Digitization,"{""type"":""Point"",""coordinates"":[72.72166322822417,21.453503536637125]}"
152,0,0,2025-04-08,Sundarbans Mangroves 2024,GEE Manual Digitization,"{""type"":""Point"",""coordinates"":[72.70157884712066,21.456059798452525]}"
153,0,0,2025-04-08,Sundarbans Mangroves 2024,GEE Manual Digitization,"{""type"":""Point"",""coordinates"":[72.69986223335113,21.445834482296224]}"
154,0,0,2025-04-08,Sundarbans Mangroves 2024,GEE Manual Digitization,"{""type"":""Point"",""coordinates"":[72.736941090773,21.434170355871643]}"
155,0,0,2025-04-08,Sundarbans Mangroves 2024,GEE Manual Digitization,"{""type"":""Point"",""coordinates"":[72.76028703803863,21.46548562647773]}"
156,0,0,2025-04-08,Sundarbans Mangroves 2024,GEE Manual Digitization,"{""type"":""Point"",""coordinates"":[72.72509645576324,21.482578369090174]}"
157,0,0,2025-04-08,Sundarbans Mangroves 2024,GEE Manual Digitization,"{""type"":""Point"",""coordinates"":[72.72475313300933,21.479064137242425]}"
158,0,0,2025-04-08,Sundarbans Mangroves 2024,GEE Manual Digitization,"{""type"":""Point"",""coordinates"":[72.71857332343902,21.47347313905006]}"
159,0,0,2025-04-08,Sundarbans Mangroves 2024,GEE Manual Digitization,"{""type"":""Point"",""coordinates"":[72.7146251117691,21.477786213722837]}"
160,0,0,2025-04-08,Sundarbans Mangroves 2024,GEE Manual Digitization,"{""type"":""Point"",""coordinates"":[72.680887105078,21.439949590254855]}"
161,0,0,2025-04-08,Sundarbans Mangroves 2024,GEE Manual Digitization,"{""type"":""Point"",""coordinates"":[72.68517863950183,21.45145348469409]}"
162,0,0,2025-04-08,Sundarbans Mangroves 2024,GEE Manual Digitization,"{""type"":""Point"",""coordinates"":[72.69959819516589,21.467589362676566]}"
163,0,0,2025-04-08,Sundarbans Mangroves 2024,GEE Manual Digitization,"{""type"":""Point"",""coordinates"":[72.71178615292956,21.46838812210735]}"
164,0,0,2025-04-08,Sundarbans Mangroves 2024,GEE Manual Digitization,"{""type"":""Point"",""coordinates"":[72.67350566586902,21.433398356102074]}"
165,0,0,2025-04-08,Sundarbans Mangroves 2024,GEE Manual Digitization,"{""type"":""Point"",""coordinates"":[72.6559962054198,21.428604583820764]}"
166,0,0,2025-04-08,Sundarbans Mangroves 2024,GEE Manual Digitization,"{""type"":""Point"",""coordinates"":[72.64539221848734,21.429033065967996]}"
167,0,0,2025-04-08,Sundarbans Mangroves 2024,GEE Manual Digitization,"{""type"":""Point"",""coordinates"":[72.62443501225209,21.436266626627877]}"
168,0,0,2025-04-08,Sundarbans Mangroves 2024,GEE Manual Digitization,"{""type"":""Point"",""coordinates"":[72.62031513920522,21.42028708750638]}"
169,0,0,2025-04-08,Sundarbans Mangroves 2024,GEE Manual Digitization,"{""type"":""Point"",""coordinates"":[72.62255890604091,21.51388103260588]}"
170,0,0,2025-04-08,Sundarbans Mangroves 2024,GEE Manual Digitization,"{""type"":""Point"",""coordinates"":[72.6053927683456,21.54454048780403]}"
171,0,0,2025-04-08,Sundarbans Mangroves 2024,GEE Manual Digitization,"{""type"":""Point"",""coordinates"":[72.58059235580768,21.638882101688182]}"
172,0,0,2025-04-08,Sundarbans Mangroves 2024,GEE Manual Digitization,"{""type"":""Point"",""coordinates"":[72.55724640854204,21.629946252994277]}"
173,0,0,2025-04-08,Sundarbans Mangroves 2024,GEE Manual Digitization,"{""type"":""Point"",""coordinates"":[72.60325165756548,21.59738956050878]}"
174,0,0,2025-04-08,Sundarbans Mangroves 2024,GEE Manual Digitization,"{""type"":""Point"",""coordinates"":[72.67946930893267,21.643349818731902]}"
175,0,0,2025-04-08,Sundarbans Mangroves 2024,GEE Manual Digitization,"{""type"":""Point"",""coordinates"":[72.46386261947954,21.493286742934764]}"
176,0,0,2025-04-08,Sundarbans Mangroves 2024,GEE Manual Digitization,"{""type"":""Point"",""coordinates"":[72.33408661850298,21.494564530374483]}"
177,0,0,2025-04-08,Sundarbans Mangroves 2024,GEE Manual Digitization,"{""type"":""Point"",""coordinates"":[72.3958847142061,21.49009222524307]}"
178,0,0,2025-04-08,Sundarbans Mangroves 2024,GEE Manual Digitization,"{""type"":""Point"",""coordinates"":[72.47072907455767,21.608242605676004]}"
179,0,0,2025-04-08,Sundarbans Mangroves 2024,GEE Manual Digitization,"{""type"":""Point"",""coordinates"":[72.41030426987017,21.64207334225236]}"
180,0,0,2025-04-08,Sundarbans Mangroves 2024,GEE Manual Digitization,"{""type"":""Point"",""coordinates"":[72.41323033374917,21.721873312077076]}"
181,0,0,2025-04-08,Sundarbans Mangroves 2024,GEE Manual Digitization,"{""type"":""Point"",""coordinates"":[72.3376993278898,21.718683838030213]}"
182,0,0,2025-04-08,Sundarbans Mangroves 2024,GEE Manual Digitization,"{""type"":""Point"",""coordinates"":[72.35555211109292,21.841746134031222]}"
183,0,0,2025-04-08,Sundarbans Mangroves 2024,GEE Manual Digitization,"{""type"":""Point"",""coordinates"":[72.30130711597573,21.88316818066862]}"
184,0,0,2025-04-08,Sundarbans Mangroves 2024,GEE Manual Digitization,"{""type"":""Point"",""coordinates"":[72.44069615406167,21.87361031343611]}"
185,0,0,2025-04-08,Sundarbans Mangroves 2024,GEE Manual Digitization,"{""type"":""Point"",""coordinates"":[72.40155736011636,21.81943698085439]}"
186,0,0,2025-04-08,Sundarbans Mangroves 2024,GEE Manual Digitization,"{""type"":""Point"",""coordinates"":[72.46678868335854,21.80031208100728]}"
187,0,0,2025-04-08,Sundarbans Mangroves 2024,GEE Manual Digitization,"{""type"":""Point"",""coordinates"":[72.419216318143,21.955854946001985]}"
188,0,0,2025-04-08,Sundarbans Mangroves 2024,GEE Manual Digitization,"{""type"":""Point"",""coordinates"":[72.4137231540805,22.027800153913535]}"
189,0,0,2025-04-08,Sundarbans Mangroves 2024,GEE Manual Digitization,"{""type"":""Point"",""coordinates"":[72.45698182107269,22.00488351754038]}"
190,0,0,2025-04-08,Sundarbans Mangroves 2024,GEE Manual Digitization,"{""type"":""Point"",""coordinates"":[72.52694264889941,21.45385640942633]}"
191,0,0,2025-04-08,Sundarbans Mangroves 2024,GEE Manual Digitization,"{""type"":""Point"",""coordinates"":[72.45003835202441,21.393132175195955]}"
192,0,0,2025-04-08,Sundarbans Mangroves 2024,GEE Manual Digitization,"{""type"":""Point"",""coordinates"":[72.1594860404832,21.335213730935127]}"
193,0,0,2025-04-08,Sundarbans Mangroves 2024,GEE Manual Digitization,"{""type"":""Point"",""coordinates"":[72.12446711958476,21.30770886194403]}"
194,0,0,2025-04-08,Sundarbans Mangroves 2024,GEE Manual Digitization,"{""type"":""Point"",""coordinates"":[72.1155407279832,21.192516352249157]}"
195,0,0,2025-04-08,Sundarbans Mangroves 2024,GEE Manual Digitization,"{""type"":""Point"",""coordinates"":[72.19371832714018,21.86558034650028]}"
196,0,0,2025-04-08,Sundarbans Mangroves 2024,GEE Manual Digitization,"{""type"":""Point"",""coordinates"":[72.18479193553861,21.896802099156094]}"
197,0,0,2025-04-08,Sundarbans Mangroves 2024,GEE Manual Digitization,"{""type"":""Point"",""coordinates"":[72.16831244335111,21.919099165737645]}"
198,0,0,2025-04-08,Sundarbans Mangroves 2024,GEE Manual Digitization,"{""type"":""Point"",""coordinates"":[72.15251959667143,21.933749623154785]}"
199,0,0,2025-04-08,Sundarbans Mangroves 2024,GEE Manual Digitization,"{""type"":""Point"",""coordinates"":[72.1895984540933,21.91973617350039]}"
200,0,0,2025-04-08,Sundarbans Mangroves 2024,GEE Manual Digitization,"{""type"":""Point"",""coordinates"":[72.21431769237455,21.866854837482858]}"
201,0,0,2025-04-08,Sundarbans Mangroves 2024,GEE Manual Digitization,"{""type"":""Point"",""coordinates"":[72.22942389354643,21.85857044274831]}"
202,0,0,2025-04-08,Sundarbans Mangroves 2024,GEE Manual Digitization,"{""type"":""Point"",""coordinates"":[72.21363104686674,21.89871341300997]}"
203,0,0,2025-04-08,Sundarbans Mangroves 2024,GEE Manual Digitization,"{""type"":""Point"",""coordinates"":[72.17037237987455,21.822878327475035]}"
204,0,0,2025-04-08,Sundarbans Mangroves 2024,GEE Manual Digitization,"{""type"":""Point"",""coordinates"":[72.19097174510893,21.785902105605512]}"
205,0,0,2025-04-08,Sundarbans Mangroves 2024,GEE Manual Digitization,"{""type"":""Point"",""coordinates"":[72.20195807323394,21.775062438979607]}"
206,0,0,2025-04-08,Sundarbans Mangroves 2024,GEE Manual Digitization,"{""type"":""Point"",""coordinates"":[72.21019781932768,21.764859651405228]}"
207,0,0,2025-04-08,Sundarbans Mangroves 2024,GEE Manual Digitization,"{""type"":""Point"",""coordinates"":[72.29150871356944,21.970603055666157]}"
208,0,0,2025-04-08,Sundarbans Mangroves 2024,GEE Manual Digitization,"{""type"":""Point"",""coordinates"":[72.3265276344679,22.016443704482633]}"
209,0,0,2025-04-08,Sundarbans Mangroves 2024,GEE Manual Digitization,"{""type"":""Point"",""coordinates"":[72.33614067157725,21.938760562229078]}"
210,0,0,2025-04-08,Sundarbans Mangroves 2024,GEE Manual Digitization,"{""type"":""Point"",""coordinates"":[72.36223320087413,22.10871666022638]}"
211,0,0,2025-04-08,Sundarbans Mangroves 2024,GEE Manual Digitization,"{""type"":""Point"",""coordinates"":[72.43570427021008,22.131616467265637]}"
212,0,0,2025-04-08,Sundarbans Mangroves 2024,GEE Manual Digitization,"{""type"":""Point"",""coordinates"":[72.42197136005382,22.083904339600767]}"
213,0,0,2025-04-08,Sundarbans Mangroves 2024,GEE Manual Digitization,"{""type"":""Point"",""coordinates"":[72.48994926532725,22.131616467265633]}"
214,0,0,2025-04-08,Sundarbans Mangroves 2024,GEE Manual Digitization,"{""type"":""Point"",""coordinates"":[72.54488090595227,22.006258173978868]}"
215,0,0,2025-04-08,Sundarbans Mangroves 2024,GEE Manual Digitization,"{""type"":""Point"",""coordinates"":[72.53046135028819,21.97633394669388]}"
216,0,0,2025-04-08,Sundarbans Mangroves 2024,GEE Manual Digitization,"{""type"":""Point"",""coordinates"":[72.52771476825694,21.931754256603593]}"
217,0,0,2025-04-08,Sundarbans Mangroves 2024,GEE Manual Digitization,"{""type"":""Point"",""coordinates"":[72.63689140399913,21.888434894458452]}"
218,0,0,2025-04-08,Sundarbans Mangroves 2024,GEE Manual Digitization,"{""type"":""Point"",""coordinates"":[72.61423210224132,21.834267184237696]}"
219,0,0,2025-04-08,Sundarbans Mangroves 2024,GEE Manual Digitization,"{""type"":""Point"",""coordinates"":[72.63139823993663,21.857848595036113]}"
220,0,0,2025-04-08,Sundarbans Mangroves 2024,GEE Manual Digitization,"{""type"":""Point"",""coordinates"":[72.58745292743663,21.808131889158606]}"
221,0,0,2025-04-08,Sundarbans Mangroves 2024,GEE Manual Digitization,"{""type"":""Point"",""coordinates"":[72.60530571063975,21.912644397193038]}"
222,0,0,2025-04-08,Sundarbans Mangroves 2024,GEE Manual Digitization,"{""type"":""Point"",""coordinates"":[72.55174736103038,21.850838311797077]}"
223,0,0,2025-04-08,Sundarbans Mangroves 2024,GEE Manual Digitization,"{""type"":""Point"",""coordinates"":[72.51947502216319,21.840640922178768]}"
224,0,0,2025-04-08,Sundarbans Mangroves 2024,GEE Manual Digitization,"{""type"":""Point"",""coordinates"":[72.54300394545183,22.22480499555777]}"
225,0,0,2025-04-08,Sundarbans Mangroves 2024,GEE Manual Digitization,"{""type"":""Point"",""coordinates"":[72.47983255873308,22.188569264541503]}"
226,0,0,2025-04-08,Sundarbans Mangroves 2024,GEE Manual Digitization,"{""type"":""Point"",""coordinates"":[72.40636148939714,22.18093949787506]}"
227,0,0,2025-04-08,Sundarbans Mangroves 2024,GEE Manual Digitization,"{""type"":""Point"",""coordinates"":[72.38644876967058,22.11161682700452]}"
228,0,0,2025-04-08,Sundarbans Mangroves 2024,GEE Manual Digitization,"{""type"":""Point"",""coordinates"":[72.7503708888112,22.19810589015513]}"
229,0,0,2025-04-08,Sundarbans Mangroves 2024,GEE Manual Digitization,"{""type"":""Point"",""coordinates"":[72.69475260267839,22.215270183979285]}"
230,0,0,2025-04-08,Sundarbans Mangroves 2024,GEE Manual Digitization,"{""type"":""Point"",""coordinates"":[72.71397867689714,22.21209176942721]}"
231,0,0,2025-04-08,Sundarbans Mangroves 2024,GEE Manual Digitization,"{""type"":""Point"",""coordinates"":[72.61029520521745,22.234339158848453]}"
232,0,0,2025-04-08,Sundarbans Mangroves 2024,GEE Manual Digitization,"{""type"":""Point"",""coordinates"":[72.58214273939714,22.239423780783223]}"
233,0,0,2025-04-08,Sundarbans Mangroves 2024,GEE Manual Digitization,"{""type"":""Point"",""coordinates"":[72.35898294935808,22.224169361619058]}"
234,0,0,2025-04-08,Sundarbans Mangroves 2024,GEE Manual Digitization,"{""type"":""Point"",""coordinates"":[72.47656916056722,22.087436744295758]}"
235,0,0,2025-04-08,Sundarbans Mangroves 2024,GEE Manual Digitization,"{""type"":""Point"",""coordinates"":[72.41545771037191,22.005972850424673]}"
236,0,0,2025-04-08,Sundarbans Mangroves 2024,GEE Manual Digitization,"{""type"":""Point"",""coordinates"":[72.48905958050831,21.772535252450428]}"
237,0,0,2025-04-08,Sundarbans Mangroves 2024,GEE Manual Digitization,"{""type"":""Point"",""coordinates"":[72.394989145938,21.785287941096144]}"
238,0,0,2025-04-08,Sundarbans Mangroves 2024,GEE Manual Digitization,"{""type"":""Point"",""coordinates"":[72.3345643412505,21.77636117811949]}"
239,0,0,2025-04-08,Sundarbans Mangroves 2024,GEE Manual Digitization,"{""type"":""Point"",""coordinates"":[72.30532718505468,21.779049594170516]}"
240,0,0,2025-04-08,Sundarbans Mangroves 2024,GEE Manual Digitization,"{""type"":""Point"",""coordinates"":[72.28335452880467,21.827348328891723]}"
241,0,0,2025-04-08,Sundarbans Mangroves 2024,GEE Manual Digitization,"{""type"":""Point"",""coordinates"":[72.52093387450779,21.76167913491579]}"
242,0,0,2025-04-08,Sundarbans Mangroves 2024,GEE Manual Digitization,"{""type"":""Point"",""coordinates"":[72.50170780028904,21.697893876018902]}"
243,0,0,2025-04-08,Sundarbans Mangroves 2024,GEE Manual Digitization,"{""type"":""Point"",""coordinates"":[72.54234089762595,21.554247235126272]}"
244,0,0,2025-04-08,Sundarbans Mangroves 2024,GEE Manual Digitization,"{""type"":""Point"",""coordinates"":[72.56500019938376,21.594475247336636]}"
245,0,0,2025-04-08,Sundarbans Mangroves 2024,GEE Manual Digitization,"{""type"":""Point"",""coordinates"":[72.43797078043845,21.57276627874326]}"
246,0,0,2025-04-08,Sundarbans Mangroves 2024,GEE Manual Digitization,"{""type"":""Point"",""coordinates"":[72.67898335368064,21.602774875195088]}"
247,0,0,2025-04-08,Sundarbans Mangroves 2024,GEE Manual Digitization,"{""type"":""Point"",""coordinates"":[72.6549507609072,21.569573508964314]}"
248,0,0,2025-04-08,Sundarbans Mangroves 2024,GEE Manual Digitization,"{""type"":""Point"",""coordinates"":[72.72979512125876,21.612350777334207]}"
249,0,0,2025-04-08,Sundarbans Mangroves 2024,GEE Manual Digitization,"{""type"":""Point"",""coordinates"":[72.72773518473532,21.572127730414568]}"
250,0,0,2025-04-08,Sundarbans Mangroves 2024,GEE Manual Digitization,"{""type"":""Point"",""coordinates"":[79.8074421843053,11.404345382811227]}"
251,0,0,2025-04-08,Sundarbans Mangroves 2024,GEE Manual Digitization,"{""type"":""Point"",""coordinates"":[79.80898713669788,11.407668737852624]}"
252,0,0,2025-04-08,Sundarbans Mangroves 2024,GEE Manual Digitization,"{""type"":""Point"",""coordinates"":[79.80748509964954,11.40747943386319]}"
253,0,0,2025-04-08,Sundarbans Mangroves 2024,GEE Manual Digitization,"{""type"":""Point"",""coordinates"":[79.80426644883167,11.4063856750088]}"
254,0,0,2025-04-08,Sundarbans Mangroves 2024,GEE Manual Digitization,"{""type"":""Point"",""coordinates"":[79.80383729538929,11.404745028828943]}"
255,0,0,2025-04-08,Sundarbans Mangroves 2024,GEE Manual Digitization,"{""type"":""Point"",""coordinates"":[79.80405187211048,11.403188509590292]}"
256,0,0,2025-04-08,Sundarbans Mangroves 2024,GEE Manual Digitization,"{""type"":""Point"",""coordinates"":[79.80289315781604,11.399023726988512]}"
257,0,0,2025-04-08,Sundarbans Mangroves 2024,GEE Manual Digitization,"{""type"":""Point"",""coordinates"":[79.80052368192854,11.395520057616089]}"
258,0,0,2025-04-08,Sundarbans Mangroves 2024,GEE Manual Digitization,"{""type"":""Point"",""coordinates"":[79.8011995999648,11.395420840619074]}"
259,0,0,2025-04-08,Sundarbans Mangroves 2024,GEE Manual Digitization,"{""type"":""Point"",""coordinates"":[79.80118887112874,11.395131613672087]}"
260,0,0,2025-04-08,Sundarbans Mangroves 2024,GEE Manual Digitization,"{""type"":""Point"",""coordinates"":[79.80064438269874,11.394923895955857]}"
261,0,0,2025-04-08,Sundarbans Mangroves 2024,GEE Manual Digitization,"{""type"":""Point"",""coordinates"":[79.79978875802297,11.394666220603302]}"
262,0,0,2025-04-08,Sundarbans Mangroves 2024,GEE Manual Digitization,"{""type"":""Point"",""coordinates"":[79.80189965651769,11.395228899132542]}"
263,0,0,2025-04-08,Sundarbans Mangroves 2024,GEE Manual Digitization,"{""type"":""Point"",""coordinates"":[79.80253705226352,11.395765059936243]}"
264,0,0,2025-04-08,Sundarbans Mangroves 2024,GEE Manual Digitization,"{""type"":""Point"",""coordinates"":[79.8040494201198,11.39726989267266]}"
265,0,0,2025-04-08,Sundarbans Mangroves 2024,GEE Manual Digitization,"{""type"":""Point"",""coordinates"":[79.8031696555629,11.396176094512903]}"
266,0,0,2025-04-08,Sundarbans Mangroves 2024,GEE Manual Digitization,"{""type"":""Point"",""coordinates"":[79.79571685950776,11.394044743716622]}"
267,0,0,2025-04-08,Sundarbans Mangroves 2024,GEE Manual Digitization,"{""type"":""Point"",""coordinates"":[79.79747638862153,11.394360265214106]}"
268,0,0,2025-04-08,Sundarbans Mangroves 2024,GEE Manual Digitization,"{""type"":""Point"",""coordinates"":[79.80022297065278,11.393581978220233]}"
269,0,0,2025-04-08,Sundarbans Mangroves 2024,GEE Manual Digitization,"{""type"":""Point"",""coordinates"":[79.80163917701265,11.393413699671168]}"
270,0,0,2025-04-08,Sundarbans Mangroves 2024,GEE Manual Digitization,"{""type"":""Point"",""coordinates"":[79.80908696908807,11.411728052672778]}"
271,0,0,2025-04-08,Sundarbans Mangroves 2024,GEE Manual Digitization,"{""type"":""Point"",""coordinates"":[79.80887239236688,11.414672723037194]}"
272,0,0,2025-04-08,Sundarbans Mangroves 2024,GEE Manual Digitization,"{""type"":""Point"",""coordinates"":[79.802950074862,11.416818106491196]}"
273,0,0,2025-04-08,Sundarbans Mangroves 2024,GEE Manual Digitization,"{""type"":""Point"",""coordinates"":[79.80213468332147,11.417995957175984]}"
274,0,0,2025-04-08,Sundarbans Mangroves 2024,GEE Manual Digitization,"{""type"":""Point"",""coordinates"":[79.81118982095575,11.412106654859665]}"
275,0,0,2025-04-08,Sundarbans Mangroves 2024,GEE Manual Digitization,"{""type"":""Point"",""coordinates"":[79.81316392679071,11.412527323363925]}"
276,0,0,2025-04-08,Sundarbans Mangroves 2024,GEE Manual Digitization,"{""type"":""Point"",""coordinates"":[79.81470887918329,11.40747926017017]}"
277,0,0,2025-04-08,Sundarbans Mangroves 2024,GEE Manual Digitization,"{""type"":""Point"",""coordinates"":[79.81556718606805,11.403693153879868]}"
278,0,0,2025-04-08,Sundarbans Mangroves 2024,GEE Manual Digitization,"{""type"":""Point"",""coordinates"":[79.8168546463952,11.39923389730979]}"
279,0,0,2025-04-08,Sundarbans Mangroves 2024,GEE Manual Digitization,"{""type"":""Point"",""coordinates"":[79.81822793741082,11.392418671895939]}"
280,0,0,2025-04-08,Sundarbans Mangroves 2024,GEE Manual Digitization,"{""type"":""Point"",""coordinates"":[79.8208886887536,11.385350858190547]}"
281,0,0,2025-04-08,Sundarbans Mangroves 2024,GEE Manual Digitization,"{""type"":""Point"",""coordinates"":[79.81118982095575,11.419755591277584]}"
282,0,0,2025-04-08,Sundarbans Mangroves 2024,GEE Manual Digitization,"{""type"":""Point"",""coordinates"":[79.81084649820184,11.426654289978334]}"
283,0,0,2025-04-08,Sundarbans Mangroves 2024,GEE Manual Digitization,"{""type"":""Point"",""coordinates"":[79.77960412759637,11.416053781333797]}"
284,0,0,2025-04-08,Sundarbans Mangroves 2024,GEE Manual Digitization,"{""type"":""Point"",""coordinates"":[79.77273767251825,11.417063370654176]}"
285,0,0,2025-04-08,Sundarbans Mangroves 2024,GEE Manual Digitization,"{""type"":""Point"",""coordinates"":[79.76638620157098,11.4105009758689]}"
286,0,0,2025-04-08,Sundarbans Mangroves 2024,GEE Manual Digitization,"{""type"":""Point"",""coordinates"":[79.76913278360223,11.403265339117164]}"
287,0,0,2025-04-08,Sundarbans Mangroves 2024,GEE Manual Digitization,"{""type"":""Point"",""coordinates"":[79.77153604287957,11.393673629591676]}"
288,0,0,2025-04-08,Sundarbans Mangroves 2024,GEE Manual Digitization,"{""type"":""Point"",""coordinates"":[79.77960412759637,11.393000515014785]}"
289,0,0,2025-04-08,Sundarbans Mangroves 2024,GEE Manual Digitization,"{""type"":""Point"",""coordinates"":[79.78956048745965,11.39737573127689]}"
290,0,0,2025-04-08,Sundarbans Mangroves 2024,GEE Manual Digitization,"{""type"":""Point"",""coordinates"":[79.78080575723504,11.406630774492506]}"
291,0,0,2025-04-08,Sundarbans Mangroves 2024,GEE Manual Digitization,"{""type"":""Point"",""coordinates"":[79.77702920694207,11.41336152558499]}"
292,0,0,2025-04-08,Sundarbans Mangroves 2024,GEE Manual Digitization,"{""type"":""Point"",""coordinates"":[79.78441064615106,11.414875922586557]}"
293,0,0,2025-04-08,Sundarbans Mangroves 2024,GEE Manual Digitization,"{""type"":""Point"",""coordinates"":[79.78818719644403,11.408818286100267]}"
294,0,0,2025-04-08,Sundarbans Mangroves 2024,GEE Manual Digitization,"{""type"":""Point"",""coordinates"":[79.78458230752801,11.403770156965525]}"
295,0,0,2025-04-08,Sundarbans Mangroves 2024,GEE Manual Digitization,"{""type"":""Point"",""coordinates"":[79.7941953446374,11.40292879338653]}"
296,0,0,2025-04-08,Sundarbans Mangroves 2024,GEE Manual Digitization,"{""type"":""Point"",""coordinates"":[79.78801553506707,11.394683298469001]}"
297,0,0,2025-04-08,Sundarbans Mangroves 2024,GEE Manual Digitization,"{""type"":""Point"",""coordinates"":[79.78526895303582,11.387110694504623]}"
298,0,0,2025-04-08,Sundarbans Mangroves 2024,GEE Manual Digitization,"{""type"":""Point"",""coordinates"":[79.78114907998895,11.386605847071737]}"
299,0,0,2025-04-08,Sundarbans Mangroves 2024,GEE Manual Digitization,"{""type"":""Point"",""coordinates"":[79.77634256143426,11.388961794093342]}"
300,0,0,2025-04-08,Sundarbans Mangroves 2024,GEE Manual Digitization,"{""type"":""Point"",""coordinates"":[79.78853051919793,11.382230465130746]}"
301,0,0,2025-04-08,Sundarbans Mangroves 2024,GEE Manual Digitization,"{""type"":""Point"",""coordinates"":[79.79144876260614,11.378191591328449]}"
302,0,0,2025-04-08,Sundarbans Mangroves 2024,GEE Manual Digitization,"{""type"":""Point"",""coordinates"":[79.79728524942254,11.385596149518404]}"
303,0,0,2025-04-08,Sundarbans Mangroves 2024,GEE Manual Digitization,"{""type"":""Point"",""coordinates"":[79.79162042398309,11.390981161723563]}"
304,0,0,2025-04-08,Sundarbans Mangroves 2024,GEE Manual Digitization,"{""type"":""Point"",""coordinates"":[79.79110543985223,11.396197795061425]}"
305,0,0,2025-04-08,Sundarbans Mangroves 2024,GEE Manual Digitization,"{""type"":""Point"",""coordinates"":[79.79968850869989,11.405957690607675]}"
306,0,0,2025-04-08,Sundarbans Mangroves 2024,GEE Manual Digitization,"{""type"":""Point"",""coordinates"":[79.76575200142139,11.384075667104817]}"
307,0,0,2025-04-08,Sundarbans Mangroves 2024,GEE Manual Digitization,"{""type"":""Point"",""coordinates"":[79.7693568903374,11.387188906355917]}"
308,0,0,2025-04-08,Sundarbans Mangroves 2024,GEE Manual Digitization,"{""type"":""Point"",""coordinates"":[79.77493588508838,11.384875015568213]}"
309,0,0,2025-04-08,Sundarbans Mangroves 2024,GEE Manual Digitization,"{""type"":""Point"",""coordinates"":[79.77218930305713,11.391648351873194]}"
310,0,0,2025-04-08,Sundarbans Mangroves 2024,GEE Manual Digitization,"{""type"":""Point"",""coordinates"":[79.78566472114795,11.394046326683409]}"
311,0,0,2025-04-08,Sundarbans Mangroves 2024,GEE Manual Digitization,"{""type"":""Point"",""coordinates"":[79.7858363825249,11.377133862362014]}"
312,0,0,2025-04-08,Sundarbans Mangroves 2024,GEE Manual Digitization,"{""type"":""Point"",""coordinates"":[79.78980641054731,11.373226051405664]}"
313,0,0,2025-04-08,Sundarbans Mangroves 2024,GEE Manual Digitization,"{""type"":""Point"",""coordinates"":[79.78280524051554,11.44269268390667]}"
314,0,0,2025-04-08,Sundarbans Mangroves 2024,GEE Manual Digitization,"{""type"":""Point"",""coordinates"":[79.78190401828654,11.446940948631731]}"
315,0,0,2025-04-08,Sundarbans Mangroves 2024,GEE Manual Digitization,"{""type"":""Point"",""coordinates"":[79.78666762149699,11.444669607107713]}"
316,0,0,2025-04-08,Sundarbans Mangroves 2024,GEE Manual Digitization,"{""type"":""Point"",""coordinates"":[79.79130247867472,11.448455166185633]}"
317,0,0,2025-04-08,Sundarbans Mangroves 2024,GEE Manual Digitization,"{""type"":""Point"",""coordinates"":[79.79331949985392,11.441599060885093]}"
318,0,0,2025-04-08,Sundarbans Mangroves 2024,GEE Manual Digitization,"{""type"":""Point"",""coordinates"":[79.80679481846984,11.376812730188558]}"
319,0,0,2025-04-08,Sundarbans Mangroves 2024,GEE Manual Digitization,"{""type"":""Point"",""coordinates"":[79.81494873387511,11.382492407614059]}"
320,0,0,2025-04-08,Sundarbans Mangroves 2024,GEE Manual Digitization,"{""type"":""Point"",""coordinates"":[93.04470707736147,13.294905964943517]}"
321,0,0,2025-04-08,Sundarbans Mangroves 2024,GEE Manual Digitization,"{""type"":""Point"",""coordinates"":[93.03234745822083,13.298915389447506]}"
322,0,0,2025-04-08,Sundarbans Mangroves 2024,GEE Manual Digitization,"{""type"":""Point"",""coordinates"":[93.06118656954895,13.28421384218946]}"
323,0,0,2025-04-08,Sundarbans Mangroves 2024,GEE Manual Digitization,"{""type"":""Point"",""coordinates"":[93.03303410372864,13.31996377964501]}"
324,0,0,2025-04-08,Sundarbans Mangroves 2024,GEE Manual Digitization,"{""type"":""Point"",""coordinates"":[93.02651097140442,13.336667548437154]}"
325,0,0,2025-04-08,Sundarbans Mangroves 2024,GEE Manual Digitization,"{""type"":""Point"",""coordinates"":[93.00488163790833,13.341678454033508]}"
326,0,0,2025-04-08,Sundarbans Mangroves 2024,GEE Manual Digitization,"{""type"":""Point"",""coordinates"":[92.9925220187677,13.330988396501047]}"
327,0,0,2025-04-08,Sundarbans Mangroves 2024,GEE Manual Digitization,"{""type"":""Point"",""coordinates"":[92.98187901339661,13.327313580046164]}"
328,0,0,2025-04-08,Sundarbans Mangroves 2024,GEE Manual Digitization,"{""type"":""Point"",""coordinates"":[92.97123600802551,13.338337861848107]}"
329,0,0,2025-04-08,Sundarbans Mangroves 2024,GEE Manual Digitization,"{""type"":""Point"",""coordinates"":[93.07526280245911,13.272852945578926]}"
330,0,0,2025-04-08,Sundarbans Mangroves 2024,GEE Manual Digitization,"{""type"":""Point"",""coordinates"":[93.03818394503723,13.275526145546959]}"
331,0,0,2025-04-08,Sundarbans Mangroves 2024,GEE Manual Digitization,"{""type"":""Point"",""coordinates"":[93.04470707736147,13.27418954924088]}"
332,0,0,2025-04-08,Sundarbans Mangroves 2024,GEE Manual Digitization,"{""type"":""Point"",""coordinates"":[92.97243763766419,13.243779997385959]}"
333,0,0,2025-04-08,Sundarbans Mangroves 2024,GEE Manual Digitization,"{""type"":""Point"",""coordinates"":[92.99578358492981,13.28220901671512]}"
334,0,0,2025-04-08,Sundarbans Mangroves 2024,GEE Manual Digitization,"{""type"":""Point"",""coordinates"":[92.98514057955872,13.285216248715903]}"
335,0,0,2025-04-08,Sundarbans Mangroves 2024,GEE Manual Digitization,"{""type"":""Point"",""coordinates"":[92.97381092867981,13.276528587948812]}"
336,0,0,2025-04-08,Sundarbans Mangroves 2024,GEE Manual Digitization,"{""type"":""Point"",""coordinates"":[92.99475361666809,13.27185048800557]}"
337,0,0,2025-04-08,Sundarbans Mangroves 2024,GEE Manual Digitization,"{""type"":""Point"",""coordinates"":[92.98514057955872,13.269511404246552]}"
338,0,0,2025-04-08,Sundarbans Mangroves 2024,GEE Manual Digitization,"{""type"":""Point"",""coordinates"":[93.00333668551575,13.261157349867474]}"
339,0,0,2025-04-08,Sundarbans Mangroves 2024,GEE Manual Digitization,"{""type"":""Point"",""coordinates"":[93.0229060824884,13.264833169172116]}"
340,0,0,2025-04-08,Sundarbans Mangroves 2024,GEE Manual Digitization,"{""type"":""Point"",""coordinates"":[92.93935967409394,13.440393551389734]}"
341,0,0,2025-04-08,Sundarbans Mangroves 2024,GEE Manual Digitization,"{""type"":""Point"",""coordinates"":[92.97918511354706,13.467773420070971]}"
342,0,0,2025-04-08,Sundarbans Mangroves 2024,GEE Manual Digitization,"{""type"":""Point"",""coordinates"":[92.96133233034394,13.449743126733567]}"
343,0,0,2025-04-08,Sundarbans Mangroves 2024,GEE Manual Digitization,"{""type"":""Point"",""coordinates"":[92.95309258425019,13.418353824413954]}"
344,0,0,2025-04-08,Sundarbans Mangroves 2024,GEE Manual Digitization,"{""type"":""Point"",""coordinates"":[92.95515252077362,13.392972239333332]}"
345,0,0,2025-04-08,Sundarbans Mangroves 2024,GEE Manual Digitization,"{""type"":""Point"",""coordinates"":[92.87824822389862,13.312802309635645]}"
346,0,0,2025-04-08,Sundarbans Mangroves 2024,GEE Manual Digitization,"{""type"":""Point"",""coordinates"":[92.90846062624237,13.274043982771545]}"
347,0,0,2025-04-08,Sundarbans Mangroves 2024,GEE Manual Digitization,"{""type"":""Point"",""coordinates"":[92.88642904486663,13.103105780197312]}"
348,0,0,2025-04-08,Sundarbans Mangroves 2024,GEE Manual Digitization,"{""type"":""Point"",""coordinates"":[92.86994955267913,13.048260721088006]}"
349,0,0,2025-04-08,Sundarbans Mangroves 2024,GEE Manual Digitization,"{""type"":""Point"",""coordinates"":[92.91114828314788,13.131192423573312]}"
350,0,0,2025-04-08,Sundarbans Mangroves 2024,GEE Manual Digitization,"{""type"":""Point"",""coordinates"":[92.874069425726,12.985937559336554]}"
351,0,0,2025-04-08,Sundarbans Mangroves 2024,GEE Manual Digitization,"{""type"":""Point"",""coordinates"":[93.10615560736663,13.17454748238455]}"
352,0,0,2025-04-08,Sundarbans Mangroves 2024,GEE Manual Digitization,"{""type"":""Point"",""coordinates"":[93.0883028241635,13.074241011376479]}"
353,0,0,2025-04-08,Sundarbans Mangroves 2024,GEE Manual Digitization,"{""type"":""Point"",""coordinates"":[92.566452238226,13.018051548494423]}"
354,0,0,2025-04-08,Sundarbans Mangroves 2024,GEE Manual Digitization,"{""type"":""Point"",""coordinates"":[92.75459310736663,13.133092439527413]}"
355,0,0,2025-04-08,Sundarbans Mangroves 2024,GEE Manual Digitization,"{""type"":""Point"",""coordinates"":[92.75596639838226,13.042134310229683]}"
356,0,0,2025-04-08,Sundarbans Mangroves 2024,GEE Manual Digitization,"{""type"":""Point"",""coordinates"":[92.76145956244477,12.980584823939266]}"
357,0,0,2025-04-08,Sundarbans Mangroves 2024,GEE Manual Digitization,"{""type"":""Point"",""coordinates"":[92.75047323431976,13.220006231208503]}"
358,0,0,2025-04-08,Sundarbans Mangroves 2024,GEE Manual Digitization,"{""type"":""Point"",""coordinates"":[92.76008627142913,13.338961012480928]}"
359,0,0,2025-04-08,Sundarbans Mangroves 2024,GEE Manual Digitization,"{""type"":""Point"",""coordinates"":[92.79991171088226,13.313571068886958]}"
360,0,0,2025-04-08,Sundarbans Mangroves 2024,GEE Manual Digitization,"{""type"":""Point"",""coordinates"":[93.01320107205532,12.884209659730184]}"
361,0,0,2025-04-08,Sundarbans Mangroves 2024,GEE Manual Digitization,"{""type"":""Point"",""coordinates"":[92.99672157986782,12.80387389207151]}"
362,0,0,2025-04-08,Sundarbans Mangroves 2024,GEE Manual Digitization,"{""type"":""Point"",""coordinates"":[92.6492789529147,12.743605253208475]}"
363,0,0,2025-04-08,Sundarbans Mangroves 2024,GEE Manual Digitization,"{""type"":""Point"",""coordinates"":[92.65889199002407,12.657865169194359]}"
364,0,0,2025-04-08,Sundarbans Mangroves 2024,GEE Manual Digitization,"{""type"":""Point"",""coordinates"":[92.64515907986782,12.608283521923944]}"
365,0,0,2025-04-08,Sundarbans Mangroves 2024,GEE Manual Digitization,"{""type"":""Point"",""coordinates"":[92.70009072049282,12.750302477991207]}"
366,0,0,2025-04-08,Sundarbans Mangroves 2024,GEE Manual Digitization,"{""type"":""Point"",""coordinates"":[92.6437857888522,12.503728644516016]}"
367,0,0,2025-04-08,Sundarbans Mangroves 2024,GEE Manual Digitization,"{""type"":""Point"",""coordinates"":[92.69185097439907,12.525179260529113]}"
368,0,0,2025-04-08,Sundarbans Mangroves 2024,GEE Manual Digitization,"{""type"":""Point"",""coordinates"":[92.69597084744595,12.610963856692221]}"
369,0,0,2025-04-08,Sundarbans Mangroves 2024,GEE Manual Digitization,"{""type"":""Point"",""coordinates"":[92.82659703092642,12.755924682403233]}"
370,0,0,2025-04-08,Sundarbans Mangroves 2024,GEE Manual Digitization,"{""type"":""Point"",""coordinates"":[92.8362100680358,12.680237430728358]}"
371,0,0,2025-04-08,Sundarbans Mangroves 2024,GEE Manual Digitization,"{""type"":""Point"",""coordinates"":[92.78402500944205,12.607878139835718]}"
372,0,0,2025-04-08,Sundarbans Mangroves 2024,GEE Manual Digitization,"{""type"":""Point"",""coordinates"":[92.76585066491555,12.571612357527329]}"
373,0,0,2025-04-08,Sundarbans Mangroves 2024,GEE Manual Digitization,"{""type"":""Point"",""coordinates"":[92.91279280358742,12.603109025777401]}"
374,0,0,2025-04-08,Sundarbans Mangroves 2024,GEE Manual Digitization,"{""type"":""Point"",""coordinates"":[92.85786116296242,12.597078048236003]}"
375,0,0,2025-04-08,Sundarbans Mangroves 2024,GEE Manual Digitization,"{""type"":""Point"",""coordinates"":[92.79225319796757,12.47076545336878]}"
376,0,0,2025-04-08,Sundarbans Mangroves 2024,GEE Manual Digitization,"{""type"":""Point"",""coordinates"":[92.7551743405457,12.50763730228926]}"
377,0,0,2025-04-08,Sundarbans Mangroves 2024,GEE Manual Digitization,"{""type"":""Point"",""coordinates"":[92.73869484835821,12.463390453300983]}"
378,0,0,2025-04-08,Sundarbans Mangroves 2024,GEE Manual Digitization,"{""type"":""Point"",""coordinates"":[92.74281472140507,12.425841747737755]}"
379,0,0,2025-04-08,Sundarbans Mangroves 2024,GEE Manual Digitization,"{""type"":""Point"",""coordinates"":[92.7338883298035,12.379568922903008]}"
380,0,0,2025-04-08,Sundarbans Mangroves 2024,GEE Manual Digitization,"{""type"":""Point"",""coordinates"":[86.91283588354729,20.62758329857331]}"
381,0,0,2025-04-08,Sundarbans Mangroves 2024,GEE Manual Digitization,"{""type"":""Point"",""coordinates"":[86.89978961889885,20.637864946356473]}"
382,0,0,2025-04-08,Sundarbans Mangroves 2024,GEE Manual Digitization,"{""type"":""Point"",""coordinates"":[86.89360980932854,20.584521357907263]}"
383,0,0,2025-04-08,Sundarbans Mangroves 2024,GEE Manual Digitization,"{""type"":""Point"",""coordinates"":[86.98630695288323,20.6301537756453]}"
384,0,0,2025-04-08,Sundarbans Mangroves 2024,GEE Manual Digitization,"{""type"":""Point"",""coordinates"":[87.05359821264885,20.650073500591496]}"
385,0,0,2025-04-08,Sundarbans Mangroves 2024,GEE Manual Digitization,"{""type"":""Point"",""coordinates"":[87.03368549292229,20.73614807133297]}"
386,0,0,2025-04-08,Sundarbans Mangroves 2024,GEE Manual Digitization,"{""type"":""Point"",""coordinates"":[87.03505878393793,20.766326824308585]}"
387,0,0,2025-04-08,Sundarbans Mangroves 2024,GEE Manual Digitization,"{""type"":""Point"",""coordinates"":[87.02407245581291,20.76247455294925]}"
388,0,0,2025-04-08,Sundarbans Mangroves 2024,GEE Manual Digitization,"{""type"":""Point"",""coordinates"":[87.05085163061761,20.714955136934453]}"
389,0,0,2025-04-08,Sundarbans Mangroves 2024,GEE Manual Digitization,"{""type"":""Point"",""coordinates"":[87.06595783178948,20.740643160873457]}"
390,0,0,2025-04-08,Sundarbans Mangroves 2024,GEE Manual Digitization,"{""type"":""Point"",""coordinates"":[87.08587055151604,20.770178997457155]}"
391,0,0,2025-04-08,Sundarbans Mangroves 2024,GEE Manual Digitization,"{""type"":""Point"",""coordinates"":[86.99866657202385,20.840784748816013]}"
392,0,0,2025-04-08,Sundarbans Mangroves 2024,GEE Manual Digitization,"{""type"":""Point"",""coordinates"":[87.02613239233635,20.82666624412954]}"
393,0,0,2025-04-08,Sundarbans Mangroves 2024,GEE Manual Digitization,"{""type"":""Point"",""coordinates"":[86.96433429663323,20.77595707300214]}"
394,0,0,2025-04-08,Sundarbans Mangroves 2024,GEE Manual Digitization,"{""type"":""Point"",""coordinates"":[86.93755512182854,20.77082101676592]}"
395,0,0,2025-04-08,Sundarbans Mangroves 2024,GEE Manual Digitization,"{""type"":""Point"",""coordinates"":[86.85378436987541,20.782376897673114]}"
396,0,0,2025-04-08,Sundarbans Mangroves 2024,GEE Manual Digitization,"{""type"":""Point"",""coordinates"":[86.81876544897698,20.77467307531638]}"
397,0,0,2025-04-08,Sundarbans Mangroves 2024,GEE Manual Digitization,"{""type"":""Point"",""coordinates"":[86.77482013647698,20.69375923767906]}"
398,0,0,2025-04-08,Sundarbans Mangroves 2024,GEE Manual Digitization,"{""type"":""Point"",""coordinates"":[86.79129962866448,20.7335793887906]}"
399,0,0,2025-04-08,Sundarbans Mangroves 2024,GEE Manual Digitization,"{""type"":""Point"",""coordinates"":[86.80022602026604,20.714955136934456]}"
400,0,0,2025-04-08,Sundarbans Mangroves 2024,GEE Manual Digitization,"{""type"":""Point"",""coordinates"":[86.80297260229729,20.678342177416095]}"
401,0,0,2025-04-08,Sundarbans Mangroves 2024,GEE Manual Digitization,"{""type"":""Point"",""coordinates"":[86.80777912085198,20.644290623387935]}"
402,0,0,2025-04-08,Sundarbans Mangroves 2024,GEE Manual Digitization,"{""type"":""Point"",""coordinates"":[86.83799152319573,20.660353628031956]}"
403,0,0,2025-04-08,Sundarbans Mangroves 2024,GEE Manual Digitization,"{""type"":""Point"",""coordinates"":[86.8640840524926,20.682838981792386]}"
404,0,0,2025-04-08,Sundarbans Mangroves 2024,GEE Manual Digitization,"{""type"":""Point"",""coordinates"":[86.93206195776604,20.732295031171812]}"
405,0,0,2025-04-08,Sundarbans Mangroves 2024,GEE Manual Digitization,"{""type"":""Point"",""coordinates"":[86.96776752417229,20.742569586941027]}"
406,0,0,2025-04-08,Sundarbans Mangroves 2024,GEE Manual Digitization,"{""type"":""Point"",""coordinates"":[86.95128803198479,20.725873079623888]}"
407,0,0,2025-04-08,Sundarbans Mangroves 2024,GEE Manual Digitization,"{""type"":""Point"",""coordinates"":[86.84279804175041,20.626940672522327]}"
408,0,0,2025-04-08,Sundarbans Mangroves 2024,GEE Manual Digitization,"{""type"":""Point"",""coordinates"":[86.92313556616448,20.71816637824072]}"
409,0,0,2025-04-08,Sundarbans Mangroves 2024,GEE Manual Digitization,"{""type"":""Point"",""coordinates"":[86.89772968237541,20.70403640742805]}"
410,0,0,2025-04-08,Sundarbans Mangroves 2024,GEE Manual Digitization,"{""type"":""Point"",""coordinates"":[86.82357196753166,20.599305186694433]}"
411,0,0,2025-04-08,Sundarbans Mangroves 2024,GEE Manual Digitization,"{""type"":""Point"",""coordinates"":[86.80228595678948,20.610231443115566]}"
412,0,0,2025-04-08,Sundarbans Mangroves 2024,GEE Manual Digitization,"{""type"":""Point"",""coordinates"":[86.75902728979729,20.578093159312377]}"
413,0,0,2025-04-08,Sundarbans Mangroves 2024,GEE Manual Digitization,"{""type"":""Point"",""coordinates"":[86.82631854956291,20.55430647063947]}"
414,0,0,2025-04-08,Sundarbans Mangroves 2024,GEE Manual Digitization,"{""type"":""Point"",""coordinates"":[86.79404621069573,20.529873043600418]}"
415,0,0,2025-04-08,Sundarbans Mangroves 2024,GEE Manual Digitization,"{""type"":""Point"",""coordinates"":[86.74186115210198,20.632724209302783]}"
416,0,0,2025-04-08,Sundarbans Mangroves 2024,GEE Manual Digitization,"{""type"":""Point"",""coordinates"":[86.77688007300041,20.655213651227275]}"
417,0,0,2025-04-08,Sundarbans Mangroves 2024,GEE Manual Digitization,"{""type"":""Point"",""coordinates"":[86.74117450659416,20.668705719498938]}"
418,0,0,2025-04-08,Sundarbans Mangroves 2024,GEE Manual Digitization,"{""type"":""Point"",""coordinates"":[86.82769184057854,20.76183249817546]}"
419,0,0,2025-04-08,Sundarbans Mangroves 2024,GEE Manual Digitization,"{""type"":""Point"",""coordinates"":[86.98630695288323,20.80035095427667]}"
420,0,0,2025-04-08,Sundarbans Mangroves 2024,GEE Manual Digitization,"{""type"":""Point"",""coordinates"":[87.05565814917229,20.813830091335223]}"
421,0,0,2025-04-08,Sundarbans Mangroves 2024,GEE Manual Digitization,"{""type"":""Point"",""coordinates"":[87.03093891089104,20.718808618333544]}"
422,0,0,2025-04-08,Sundarbans Mangroves 2024,GEE Manual Digitization,"{""type"":""Point"",""coordinates"":[68.29881255930971,23.520793091808763]}"
423,0,0,2025-04-08,Sundarbans Mangroves 2024,GEE Manual Digitization,"{""type"":""Point"",""coordinates"":[68.18894927805971,23.374645964124266]}"
424,0,0,2025-04-08,Sundarbans Mangroves 2024,GEE Manual Digitization,"{""type"":""Point"",""coordinates"":[68.31529205149721,23.329257125687544]}"
425,0,0,2025-04-08,Sundarbans Mangroves 2024,GEE Manual Digitization,"{""type"":""Point"",""coordinates"":[68.43064849680971,23.17279920197468]}"
426,0,0,2025-04-08,Sundarbans Mangroves 2024,GEE Manual Digitization,"{""type"":""Point"",""coordinates"":[68.54600494212221,22.88970207993268]}"
427,0,0,2025-04-08,Sundarbans Mangroves 2024,GEE Manual Digitization,"{""type"":""Point"",""coordinates"":[68.74375884837221,23.44521993621281]}"
428,0,0,2025-04-08,Sundarbans Mangroves 2024,GEE Manual Digitization,"{""type"":""Point"",""coordinates"":[68.66685455149721,23.374645964124266]}"
429,0,0,2025-04-08,Sundarbans Mangroves 2024,GEE Manual Digitization,"{""type"":""Point"",""coordinates"":[68.80418365305971,23.218241373871326]}"
430,0,0,2025-04-08,Sundarbans Mangroves 2024,GEE Manual Digitization,"{""type"":""Point"",""coordinates"":[68.99095123118471,23.465377011395173]}"
431,0,0,2025-04-08,Sundarbans Mangroves 2024,GEE Manual Digitization,"{""type"":""Point"",""coordinates"":[68.79869048899721,23.666778147276627]}"
432,0,0,2025-04-08,Sundarbans Mangroves 2024,GEE Manual Digitization,"{""type"":""Point"",""coordinates"":[69.26011627024721,23.58122040171511]}"
433,0,0,2025-04-08,Sundarbans Mangroves 2024,GEE Manual Digitization,"{""type"":""Point"",""coordinates"":[69.11180084055971,23.33934487561631]}"
434,0,0,2025-04-08,Sundarbans Mangroves 2024,GEE Manual Digitization,"{""type"":""Point"",""coordinates"":[68.98545806712221,23.177849094693368]}"
435,0,0,2025-04-08,Sundarbans Mangroves 2024,GEE Manual Digitization,"{""type"":""Point"",""coordinates"":[68.94700591868471,22.99593315830634]}"
436,0,0,2025-04-08,Sundarbans Mangroves 2024,GEE Manual Digitization,"{""type"":""Point"",""coordinates"":[69.24363677805971,23.081868585159327]}"
437,0,0,2025-04-08,Sundarbans Mangroves 2024,GEE Manual Digitization,"{""type"":""Point"",""coordinates"":[69.50181548899721,23.07176138101673]}"
438,0,0,2025-04-08,Sundarbans Mangroves 2024,GEE Manual Digitization,"{""type"":""Point"",""coordinates"":[69.57322662180971,23.404896560348647]}"
439,0,0,2025-04-08,Sundarbans Mangroves 2024,GEE Manual Digitization,"{""type"":""Point"",""coordinates"":[69.53477447337221,22.66685317254873]}"
440,0,0,2025-04-08,Sundarbans Mangroves 2024,GEE Manual Digitization,"{""type"":""Point"",""coordinates"":[69.52378814524721,22.565438188055392]}"
441,0,0,2025-04-08,Sundarbans Mangroves 2024,GEE Manual Digitization,"{""type"":""Point"",""coordinates"":[69.18870513743471,22.74793123602728]}"
442,0,0,2025-04-08,Sundarbans Mangroves 2024,GEE Manual Digitization,"{""type"":""Point"",""coordinates"":[68.95799224680971,22.808708239975573]}"
443,0,0,2025-04-08,Sundarbans Mangroves 2024,GEE Manual Digitization,"{""type"":""Point"",""coordinates"":[68.72178619212221,22.808708239975573]}"
444,0,0,2025-04-08,Sundarbans Mangroves 2024,GEE Manual Digitization,"{""type"":""Point"",""coordinates"":[68.80418365305971,22.66685317254873]}"
445,0,0,2025-04-08,Sundarbans Mangroves 2024,GEE Manual Digitization,"{""type"":""Point"",""coordinates"":[68.89756744212221,22.52992529407041]}"
446,0,0,2025-04-08,Sundarbans Mangroves 2024,GEE Manual Digitization,"{""type"":""Point"",""coordinates"":[69.70506255930971,22.67192195750982]}"
447,0,0,2025-04-08,Sundarbans Mangroves 2024,GEE Manual Digitization,"{""type"":""Point"",""coordinates"":[69.96324127024721,22.77325827746854]}"
448,0,0,2025-04-08,Sundarbans Mangroves 2024,GEE Manual Digitization,"{""type"":""Point"",""coordinates"":[69.89183013743471,23.041435212548507]}"
449,0,0,2025-04-08,Sundarbans Mangroves 2024,GEE Manual Digitization,"{""type"":""Point"",""coordinates"":[69.66661041087221,23.09702796672554]}"
450,0,0,2025-04-08,Sundarbans Mangroves 2024,GEE Manual Digitization,"{""type"":""Point"",""coordinates"":[69.57322662180971,22.985819506530532]}"
451,0,0,2025-04-08,Sundarbans Mangroves 2024,GEE Manual Digitization,"{""type"":""Point"",""coordinates"":[70.48509185618471,22.768193244983117]}"
452,0,0,2025-04-08,Sundarbans Mangroves 2024,GEE Manual Digitization,"{""type"":""Point"",""coordinates"":[70.35325591868471,22.626296153518762]}"
453,0,0,2025-04-08,Sundarbans Mangroves 2024,GEE Manual Digitization,"{""type"":""Point"",""coordinates"":[69.94126861399721,22.32681960283037]}"
454,0,0,2025-04-08,Sundarbans Mangroves 2024,GEE Manual Digitization,"{""type"":""Point"",""coordinates"":[69.55674712962221,22.255662545833246]}"
455,0,0,2025-04-08,Sundarbans Mangroves 2024,GEE Manual Digitization,"{""type"":""Point"",""coordinates"":[69.28758209055971,22.189555735791366]}"
456,0,0,2025-04-08,Sundarbans Mangroves 2024,GEE Manual Digitization,"{""type"":""Point"",""coordinates"":[69.88084380930971,22.722599499498195]}"
457,0,0,2025-04-08,Sundarbans Mangroves 2024,GEE Manual Digitization,"{""type"":""Point"",""coordinates"":[70.12803619212221,22.73779910459768]}"
458,0,0,2025-04-08,Sundarbans Mangroves 2024,GEE Manual Digitization,"{""type"":""Point"",""coordinates"":[70.35168889036795,22.726688756163096]}"
459,0,0,2025-04-08,Sundarbans Mangroves 2024,GEE Manual Digitization,"{""type"":""Point"",""coordinates"":[70.30911686888358,22.703253423500644]}"
460,0,0,2025-04-08,Sundarbans Mangroves 2024,GEE Manual Digitization,"{""type"":""Point"",""coordinates"":[70.29647903758902,22.639706145397493]}"
461,0,0,2025-04-08,Sundarbans Mangroves 2024,GEE Manual Digitization,"{""type"":""Point"",""coordinates"":[70.38024978954213,22.801213376172186]}"
462,0,0,2025-04-08,Sundarbans Mangroves 2024,GEE Manual Digitization,"{""type"":""Point"",""coordinates"":[70.38642959911245,22.85627216099721]}"
463,0,0,2025-04-08,Sundarbans Mangroves 2024,GEE Manual Digitization,"{""type"":""Point"",""coordinates"":[70.50276308118708,22.8280676341168]}"
464,0,0,2025-04-08,Sundarbans Mangroves 2024,GEE Manual Digitization,"{""type"":""Point"",""coordinates"":[70.44981232427118,22.999201397150046]}"
465,0,0,2025-04-08,Sundarbans Mangroves 2024,GEE Manual Digitization,"{""type"":""Point"",""coordinates"":[70.39900055669305,22.99793726270685]}"
466,0,0,2025-04-08,Sundarbans Mangroves 2024,GEE Manual Digitization,"{""type"":""Point"",""coordinates"":[70.42097321294307,22.9726520885451]}"
467,0,0,2025-04-08,Sundarbans Mangroves 2024,GEE Manual Digitization,"{""type"":""Point"",""coordinates"":[70.31110993169305,22.92902404575389]}"
468,0,0,2025-04-08,Sundarbans Mangroves 2024,GEE Manual Digitization,"{""type"":""Point"",""coordinates"":[70.11472931645868,22.887279720265198]}"
469,0,0,2025-04-08,Sundarbans Mangroves 2024,GEE Manual Digitization,"{""type"":""Point"",""coordinates"":[70.22991209010581,23.185607431651533]}"
470,0,0,2025-04-08,Sundarbans Mangroves 2024,GEE Manual Digitization,"{""type"":""Point"",""coordinates"":[70.17910032252769,23.13447143286351]}"
471,0,0,2025-04-08,Sundarbans Mangroves 2024,GEE Manual Digitization,"{""type"":""Point"",""coordinates"":[70.13378171901206,23.072577113692645]}"
472,0,0,2025-04-08,Sundarbans Mangroves 2024,GEE Manual Digitization,"{""type"":""Point"",""coordinates"":[70.15952879795414,23.000625270388735]}"
473,0,0,2025-04-08,Sundarbans Mangroves 2024,GEE Manual Digitization,"{""type"":""Point"",""coordinates"":[70.17532164463383,22.96522540604103]}"
474,0,0,2025-04-08,Sundarbans Mangroves 2024,GEE Manual Digitization,"{""type"":""Point"",""coordinates"":[70.84607933068098,23.259912213379366]}"
475,0,0,2025-04-08,Sundarbans Mangroves 2024,GEE Manual Digitization,"{""type"":""Point"",""coordinates"":[70.79664085411846,23.2618047108121]}"
476,0,0,2025-04-08,Sundarbans Mangroves 2024,GEE Manual Digitization,"{""type"":""Point"",""coordinates"":[70.7932076265794,23.21006678272956]}"
477,0,0,2025-04-08,Sundarbans Mangroves 2024,GEE Manual Digitization,"{""type"":""Point"",""coordinates"":[70.78084800743878,23.136842322276298]}"
478,0,0,2025-04-08,Sundarbans Mangroves 2024,GEE Manual Digitization,"{""type"":""Point"",""coordinates"":[70.67276699509706,23.02619075687242]}"
479,0,0,2025-04-08,Sundarbans Mangroves 2024,GEE Manual Digitization,"{""type"":""Point"",""coordinates"":[70.59311611619081,22.952866056298383]}"
480,0,0,2025-04-08,Sundarbans Mangroves 2024,GEE Manual Digitization,"{""type"":""Point"",""coordinates"":[70.53131802048769,22.913658956178118]}"
481,0,0,2025-04-08,Sundarbans Mangroves 2024,GEE Manual Digitization,"{""type"":""Point"",""coordinates"":[70.53406460251894,22.98447641217506]}"
482,0,0,2025-04-08,Sundarbans Mangroves 2024,GEE Manual Digitization,"{""type"":""Point"",""coordinates"":[70.7400582548627,23.04388385425036]}"
483,0,0,2025-04-08,Sundarbans Mangroves 2024,GEE Manual Digitization,"{""type"":""Point"",""coordinates"":[70.70847256150331,23.09189625773291]}"
484,0,0,2025-04-08,Sundarbans Mangroves 2024,GEE Manual Digitization,"{""type"":""Point"",""coordinates"":[69.4035736838221,23.12803262819305]}"
485,0,0,2025-04-08,Sundarbans Mangroves 2024,GEE Manual Digitization,"{""type"":""Point"",""coordinates"":[70.11768501194707,23.415668096734677]}"
486,0,0,2025-04-08,Sundarbans Mangroves 2024,GEE Manual Digitization,"{""type"":""Point"",""coordinates"":[68.65101020725959,24.244758938147676]}"
487,0,0,2025-04-08,Sundarbans Mangroves 2024,GEE Manual Digitization,"{""type"":""Point"",""coordinates"":[68.21155708225959,24.214703400788398]}"
488,0,0,2025-04-08,Sundarbans Mangroves 2024,GEE Manual Digitization,"{""type"":""Point"",""coordinates"":[67.81604926975959,23.999098237563487]}"
489,0,0,2025-04-08,Sundarbans Mangroves 2024,GEE Manual Digitization,"{""type"":""Point"",""coordinates"":[67.75013130100959,23.727826070949362]}"
490,0,0,2025-04-08,Sundarbans Mangroves 2024,GEE Manual Digitization,"{""type"":""Point"",""coordinates"":[68.10169380100959,23.863533175917212]}"
491,0,0,2025-04-08,Sundarbans Mangroves 2024,GEE Manual Digitization,"{""type"":""Point"",""coordinates"":[68.94764106663459,24.169606799056268]}"
492,0,0,2025-04-08,Sundarbans Mangroves 2024,GEE Manual Digitization,"{""type"":""Point"",""coordinates"":[68.91468208225959,24.03923829499737]}"
493,0,0,2025-04-08,Sundarbans Mangroves 2024,GEE Manual Digitization,"{""type"":""Point"",""coordinates"":[68.93116157444709,23.878602986209433]}"
494,0,0,2025-04-08,Sundarbans Mangroves 2024,GEE Manual Digitization,"{""type"":""Point"",""coordinates"":[68.96961372288459,23.70267958679959]}"
495,0,0,2025-04-08,Sundarbans Mangroves 2024,GEE Manual Digitization,"{""type"":""Point"",""coordinates"":[73.87262740095537,15.518902018512204]}"
496,0,0,2025-04-08,Sundarbans Mangroves 2024,GEE Manual Digitization,"{""type"":""Point"",""coordinates"":[73.86953749617021,15.521548449337628]}"
497,0,0,2025-04-08,Sundarbans Mangroves 2024,GEE Manual Digitization,"{""type"":""Point"",""coordinates"":[73.8706532951204,15.517992300076349]}"
498,0,0,2025-04-08,Sundarbans Mangroves 2024,GEE Manual Digitization,"{""type"":""Point"",""coordinates"":[73.87588896711748,15.51989443404969]}"
499,0,0,2025-04-08,Sundarbans Mangroves 2024,GEE Manual Digitization,"{""type"":""Point"",""coordinates"":[73.87829222639482,15.523202451364595]}"
500,0,0,2025-04-08,Sundarbans Mangroves 2024,GEE Manual Digitization,"{""type"":""Point"",""coordinates"":[73.86945166548173,15.52063874257023]}"
501,0,0,2025-04-08,Sundarbans Mangroves 2024,GEE Manual Digitization,"{""type"":""Point"",""coordinates"":[73.8721124168245,15.522623552163672]}"
502,0,0,2025-04-08,Sundarbans Mangroves 2024,GEE Manual Digitization,"{""type"":""Point"",""coordinates"":[73.84181418379228,15.509060306109482]}"
503,0,0,2025-04-08,Sundarbans Mangroves 2024,GEE Manual Digitization,"{""type"":""Point"",""coordinates"":[73.83966841658037,15.513278240313781]}"
504,0,0,2025-04-08,Sundarbans Mangroves 2024,GEE Manual Digitization,"{""type"":""Point"",""coordinates"":[73.84198584516923,15.517661492378034]}"
505,0,0,2025-04-08,Sundarbans Mangroves 2024,GEE Manual Digitization,"{""type"":""Point"",""coordinates"":[73.84517539836823,15.516774703887851]}"
506,0,0,2025-04-08,Sundarbans Mangroves 2024,GEE Manual Digitization,"{""type"":""Point"",""coordinates"":[73.8440166840738,15.51685740621753]}"
507,0,0,2025-04-08,Sundarbans Mangroves 2024,GEE Manual Digitization,"{""type"":""Point"",""coordinates"":[73.84461749889313,15.514955244249649]}"
508,0,0,2025-04-08,Sundarbans Mangroves 2024,GEE Manual Digitization,"{""type"":""Point"",""coordinates"":[73.84341586925446,15.51338387983597]}"
509,0,0,2025-04-08,Sundarbans Mangroves 2024,GEE Manual Digitization,"{""type"":""Point"",""coordinates"":[73.84257902004181,15.512639545148922]}"
510,0,0,2025-04-08,Sundarbans Mangroves 2024,GEE Manual Digitization,"{""type"":""Point"",""coordinates"":[73.84755719997345,15.51718821520488]}"
511,0,0,2025-04-08,Sundarbans Mangroves 2024,GEE Manual Digitization,"{""type"":""Point"",""coordinates"":[73.8459264168924,15.515162001834542]}"
512,0,0,2025-04-08,Sundarbans Mangroves 2024,GEE Manual Digitization,"{""type"":""Point"",""coordinates"":[73.8447033295816,15.513404555761182]}"
513,0,0,2025-04-08,Sundarbans Mangroves 2024,GEE Manual Digitization,"{""type"":""Point"",""coordinates"":[73.84443075547983,15.512027872505474]}"
514,0,0,2025-04-08,Sundarbans Mangroves 2024,GEE Manual Digitization,"{""type"":""Point"",""coordinates"":[73.84402305970956,15.51035310468433]}"
515,0,0,2025-04-08,Sundarbans Mangroves 2024,GEE Manual Digitization,"{""type"":""Point"",""coordinates"":[73.84593279252817,15.50991890340185]}"
516,0,0,2025-04-08,Sundarbans Mangroves 2024,GEE Manual Digitization,"{""type"":""Point"",""coordinates"":[73.85155470262339,15.508450882779462]}"
517,0,0,2025-04-08,Sundarbans Mangroves 2024,GEE Manual Digitization,"{""type"":""Point"",""coordinates"":[73.84975225816538,15.50925726159644]}"
518,0,0,2025-04-08,Sundarbans Mangroves 2024,GEE Manual Digitization,"{""type"":""Point"",""coordinates"":[73.84644777665903,15.507396382651718]}"
519,0,0,2025-04-08,Sundarbans Mangroves 2024,GEE Manual Digitization,"{""type"":""Point"",""coordinates"":[73.84256393800547,15.507313676531618]}"
520,0,0,2025-04-08,Sundarbans Mangroves 2024,GEE Manual Digitization,"{""type"":""Point"",""coordinates"":[73.8427141417103,15.50882305800939]}"
521,0,0,2025-04-08,Sundarbans Mangroves 2024,GEE Manual Digitization,"{""type"":""Point"",""coordinates"":[73.85428982868703,15.50986169331615]}"
522,0,0,2025-04-08,Sundarbans Mangroves 2024,GEE Manual Digitization,"{""type"":""Point"",""coordinates"":[73.85701495304616,15.508827876777003]}"
523,0,0,2025-04-08,Sundarbans Mangroves 2024,GEE Manual Digitization,"{""type"":""Point"",""coordinates"":[73.8614137758306,15.508786524007768]}"
524,0,0,2025-04-08,Sundarbans Mangroves 2024,GEE Manual Digitization,"{""type"":""Point"",""coordinates"":[73.86999684467824,15.509778988183507]}"
525,0,0,2025-04-08,Sundarbans Mangroves 2024,GEE Manual Digitization,"{""type"":""Point"",""coordinates"":[73.87240010395558,15.515568267450664]}"
526,0,0,2025-04-08,Sundarbans Mangroves 2024,GEE Manual Digitization,"{""type"":""Point"",""coordinates"":[73.87171345844777,15.50547827563721]}"
527,0,0,2025-04-08,Sundarbans Mangroves 2024,GEE Manual Digitization,"{""type"":""Point"",""coordinates"":[73.86630612507375,15.506966993962626]}"
528,0,0,2025-04-08,Sundarbans Mangroves 2024,GEE Manual Digitization,"{""type"":""Point"",""coordinates"":[73.8536890138677,15.526319355216485]}"
529,0,0,2025-04-08,Sundarbans Mangroves 2024,GEE Manual Digitization,"{""type"":""Point"",""coordinates"":[73.85772305622609,15.527229036930907]}"
530,0,0,2025-04-08,Sundarbans Mangroves 2024,GEE Manual Digitization,"{""type"":""Point"",""coordinates"":[73.85977108101788,15.533203575293534]}"
531,0,0,2025-04-08,Sundarbans Mangroves 2024,GEE Manual Digitization,"{""type"":""Point"",""coordinates"":[73.85749656777325,15.533120879518007]}"
532,0,0,2025-04-08,Sundarbans Mangroves 2024,GEE Manual Digitization,"{""type"":""Point"",""coordinates"":[73.86131603341046,15.533617053673556]}"
533,0,0,2025-04-08,Sundarbans Mangroves 2024,GEE Manual Digitization,"{""type"":""Point"",""coordinates"":[73.8659508905882,15.534940178916003]}"
534,0,0,2025-04-08,Sundarbans Mangroves 2024,GEE Manual Digitization,"{""type"":""Point"",""coordinates"":[73.86874038796368,15.5379585265855]}"
535,0,0,2025-04-08,Sundarbans Mangroves 2024,GEE Manual Digitization,"{""type"":""Point"",""coordinates"":[73.8694270334715,15.539777783279476]}"
536,0,0,2025-04-08,Sundarbans Mangroves 2024,GEE Manual Digitization,"{""type"":""Point"",""coordinates"":[73.86899788002911,15.540976830045658]}"
537,0,0,2025-04-08,Sundarbans Mangroves 2024,GEE Manual Digitization,"{""type"":""Point"",""coordinates"":[73.8769372187132,15.537090239319433]}"
538,0,0,2025-04-08,Sundarbans Mangroves 2024,GEE Manual Digitization,"{""type"":""Point"",""coordinates"":[73.87612182717267,15.538992197132027]}"
539,0,0,2025-04-08,Sundarbans Mangroves 2024,GEE Manual Digitization,"{""type"":""Point"",""coordinates"":[73.87170154671612,15.544325854736288]}"
540,0,0,2025-04-08,Sundarbans Mangroves 2024,GEE Manual Digitization,"{""type"":""Point"",""coordinates"":[73.87328941445294,15.542299908034174]}"
541,0,0,2025-04-08,Sundarbans Mangroves 2024,GEE Manual Digitization,"{""type"":""Point"",""coordinates"":[73.87758094887677,15.53324492316885]}"
542,0,0,2025-04-08,Sundarbans Mangroves 2024,GEE Manual Digitization,"{""type"":""Point"",""coordinates"":[73.87612182717267,15.53378244479333]}"
543,0,0,2025-04-08,Sundarbans Mangroves 2024,GEE Manual Digitization,"{""type"":""Point"",""coordinates"":[73.87603599648419,15.532417964086608]}"
